{
    "parent": "item/generated",
    "textures": {
        "layer0": "item/dried_kelp"
    },
    "overrides": [
        {"predicate": {"custom_model_data": 1}, "model": "geek/cooked_chicken_nugget"},
        {"predicate": {"custom_model_data": 2}, "model": "geek/cooked_chicken_nugget_red"},
        {"predicate": {"custom_model_data": 3}, "model": "geek/cooked_chicken_nugget_yellow"},
        {"predicate": {"custom_model_data": 4}, "model": "geek/cooked_chicken_nugget_white"},
        {"predicate": {"custom_model_data": 5}, "model": "geek/cooked_chicken_nugget_green"}
    ]
}
